Time [days],X_ND,X_S,S_O
0.0,5.255483150183737,63.804256319716806,2.430819757123311
0.010416666,5.945155004970436,71.52978058023855,2.974061779452455
0.020833333,6.421435520958353,103.17209600363874,2.975565129587229
0.03125,6.9343344018268445,83.27586891585796,2.9685066810259837
0.041666666,5.909558294537925,92.9070233058469,3.1457861197290473
0.052083333,5.867499842954527,84.13794835855363,3.514213521204439
0.0625,6.935371344797237,79.63336406722627,3.450425351175258
0.072916666,6.37911648037038,98.54140001093405,2.770632643693679
0.083333333,5.573857624167993,98.78732739528397,3.3745938659620633
0.09375,6.051034030579913,85.27655036711779,3.5989715368540525
0.104166666,5.391792097018233,66.13230555369142,3.319789939003678
0.114583333,5.278183044123484,82.35792005440733,3.5753076892581124
0.125,5.532615099324111,88.07293367745405,3.964609671691617
0.135416666,4.143962514593664,68.82165767228047,3.8209840711339114
0.145833333,4.081501416929757,80.28973366715472,3.746762465202311
0.15625,4.572351044714793,75.4939288343504,4.133870400588724
0.166666666,4.169956904179644,77.79955859327086,3.9770607418350705
0.177083333,4.78974642925721,71.43231635872328,4.0313573266512694
0.1875,3.9867230017845783,59.74819308188475,3.9967678181773096
0.197916666,3.6215827169313015,77.04117995127204,4.603470401983955
0.208333333,5.180091720771967,64.04119308487921,3.9377624274585394
0.21875,4.183423140485159,64.253224095267,4.671955359145546
0.229166666,4.309826673948169,55.63727896599417,4.385979346889926
0.239583333,3.4364978203045804,59.48853659257852,3.841067304868098
0.25,3.906327762491166,55.23724059412783,4.411060517431944
0.260416666,4.221268559295733,60.41478640731387,3.724462602377842
0.270833333,3.4433722313329387,75.87542710771129,4.5808497066723515
0.28125,4.252537919070699,47.858632475965585,4.691498576451771
0.291666666,3.6466139767559373,44.8620283886582,4.280900322534074
0.302083333,3.7801194074075806,71.02006879356819,4.516092584240102
0.3125,3.5727376663293753,55.74283638769599,5.075068602881765
0.322916666,4.948881070871931,51.39046506985926,4.350419840837193
0.333333333,3.8818820752913528,66.22241665916434,4.194695883628882
0.34375,3.283766396543804,51.7819172710365,4.966734252140915
0.354166666,4.358603439726726,73.02871385653016,5.11718798289034
0.364583333,3.2082386032605004,63.21145399165215,4.531008014073574
0.375,4.066879342826357,53.361373743023066,4.771843127990951
0.385416666,2.9317657391480196,78.4377179231053,4.793015788639249
0.395833333,3.495904064387772,56.94649366619113,4.02265898541367
0.40625,4.668964019365535,73.15599223648594,3.7862217176006645
0.416666666,5.281380020305715,74.89108023531503,3.9349109472231008
0.427083333,5.303367436429505,88.78366024461329,3.7173698077715236
0.4375,5.517486929071263,96.80091941645618,3.0214543333299257
0.447916666,5.8378490158338545,89.51837971467248,2.28706131214042
0.458333333,5.619024237331444,89.84376995888712,2.9299587833679923
0.46875,6.494242430549007,107.52969985461456,2.045084862430843
0.479166666,7.054979973170743,104.31260395544018,1.9979703116442142
0.489583333,8.217886603152278,134.7230989386206,2.1180243338089273
0.5,7.998945624687724,121.96519450871665,2.4066269748465694
0.510416666,6.933539815320228,119.70097796445667,2.125497377163769
0.520833333,8.207721843240098,126.66749365412166,1.9239045426232115
0.53125,7.884570296929202,114.74303029148281,1.871582294406834
0.541666666,7.702844553399915,119.38839298154184,1.7002424709451884
0.552083333,8.47398732303159,136.90703057900274,1.8026952813875705
0.5625,8.774535861121475,122.32360194672145,0.8335645030790331
0.572916666,8.74290585486725,120.21383079843689,1.462981920726858
0.583333333,7.709756154465131,133.94996100849178,1.609383506456735
0.59375,7.897372217684063,138.9499226197193,1.2101104076773144
0.604166666,8.056708268919994,131.94441182788955,1.7147732121348676
0.614583333,8.375267602654052,130.59029512901768,1.555543298125378
0.625,7.52384810682553,116.26183429643777,2.1200272672771203
0.635416666,7.625091418564301,110.08913769044952,2.085897461157062
0.645833333,7.03311164467484,133.84135651304211,1.519817488929212
0.65625,6.830141355824321,117.06794499798718,1.6936092287472697
0.666666666,7.745611955789516,113.80465253083841,1.8589408242184327
0.677083333,7.8741526810675815,123.65017609887485,1.87553260195629
0.6875,6.887640444409676,114.05386886905973,2.1421784693676766
0.697916666,7.413998441820076,111.56898003728334,1.9069588734069698
0.708333333,6.942863400849436,124.93513534992127,1.8424710805932518
0.71875,6.25326378184828,98.53888483280589,2.430905939754481
0.729166666,6.6832094384232335,109.86417187680776,2.515113466615779
0.739583333,7.242035275191331,100.26605852948529,2.1676682419978635
0.75,6.256025228137423,100.5184805770724,2.7407480691736477
0.760416666,7.091710442832633,110.27293232786813,2.3523680773589772
0.770833333,4.648198499910843,100.21154185265823,2.6774447556043053
0.78125,6.621121115599747,99.39826761828277,2.8027346547191714
0.791666666,6.2458497861427595,105.32805200260941,2.4340887608189234
0.802083333,6.122537535125119,94.52195411190421,2.521758919437392
0.8125,6.410143699577533,91.31128925835651,2.2056992060165683
0.822916666,5.207992547610319,90.49220058409082,2.350229221965188
0.833333333,6.1917465457890035,81.31525917602328,2.430169391513669
0.84375,6.590925354362643,116.45894016099061,2.235814282386321
0.854166666,7.2991026395910685,90.94672435293758,2.3333455789119943
0.864583333,6.239852728815938,99.79017764991576,1.8891762281509676
0.875,6.1166655956862925,100.41289008147211,2.1784823204970594
0.885416666,6.256254808233232,105.89313825845225,2.2656419351852493
0.895833333,7.158529397867988,109.05723817893838,2.210322036474032
0.90625,6.927815408366966,112.40043015730119,2.072049651627781
0.916666666,6.531081410654131,101.71844497282287,2.0597112303716893
0.927083333,7.166336778176463,106.26886036615954,2.1978716336078516
0.9375,6.847514610411779,110.60498443607989,2.3637040335291997
0.947916666,7.39354015971879,103.25572691733569,1.9055439063115653
0.958333333,6.512936308095357,122.0474528537472,1.65747523111435
0.96875,6.811165624132024,113.36837729163489,1.6557424067541455
0.979166666,6.814874989245928,116.89387020371024,1.8017161554252632
0.989583333,6.16365977247038,116.42260127404705,1.8766873737780432
1.0,7.055170073601713,119.4407909210098,1.8402351915090749
1.010416666,6.919993757057937,108.49314151302859,1.7943479873360026
1.020833333,6.679630058324559,93.72998121595523,2.138690378110431
1.03125,6.5564835222945925,107.1830845731137,2.326347223290051
1.041666666,5.890787921837862,98.9684235256006,2.39235741263787
1.052083333,6.520711245339732,100.59875345952715,2.0100638848543655
1.0625,6.620694076673549,111.37512074403541,2.003257871587123
1.072916666,6.23686305307015,117.92766217333515,1.9229859418482105
1.083333333,6.390153599495998,102.99410273038147,2.3807791937245266
1.09375,6.522686632466891,101.90001011731536,2.299044100478122
1.104166666,7.15614575812663,110.53168935148098,2.8396442663258035
1.114583333,5.986614141469817,94.35878530455159,2.2465413002930092
1.125,5.846806580192152,112.12017704312429,2.821051085663979
1.135416666,5.4351507431672905,90.20747461223583,3.1956349502204353
1.145833333,4.175129538360799,66.21467180742704,3.3416928027729185
1.15625,5.04113552444957,84.3592323979855,4.265708175350207
1.166666666,4.8951197016317565,77.58059526183085,3.7293325201602654
1.177083333,6.073506582254899,82.12217325153942,3.46942973276438
1.1875,4.414444996605389,73.75282496258387,3.8260859877095292
1.197916666,4.556442799191896,64.32890104486168,3.398353811951841
1.208333333,4.2612633696305355,52.78660934451716,3.963237012897408
1.21875,3.5331354122013767,60.05938946528752,3.786300439468672
1.229166666,4.770708841464191,53.0822605509532,4.338414840523721
1.239583333,4.493528059619409,54.46593539191128,3.935959094185251
1.25,4.475772869403688,63.86669796658945,4.090362807259696
1.260416666,3.476319852385141,72.71536163435806,3.9534677509513636
1.270833333,4.750760423962559,61.06482880569322,4.696932429442281
1.28125,3.1151700451238837,46.36337655951395,4.127829520146697
1.291666666,4.2080689844613,60.01738543336851,4.797388525409939
1.302083333,5.094186937156313,66.2087610807512,4.513568563184992
1.3125,3.266495417360907,50.179276161192185,4.449054230213676
1.322916666,3.4858973097985766,53.895990267960705,4.451433615349852
1.333333333,3.8390139236934737,54.789117597294734,4.492004101611101
1.34375,3.472864275872368,47.437040900413436,3.8356166519791546
1.354166666,2.8748175400727476,59.777818919358396,4.338630738338794
1.364583333,3.7858804418278096,53.11429835874875,4.688971428703816
1.375,3.1507295871227243,57.949294696598066,4.447713805893546
1.385416666,4.06816891510888,47.000548602713906,4.0242321519084046
1.395833333,3.439887174135954,52.86558143575166,4.249718777973085
1.40625,5.114137202454153,67.75341696404665,4.4597118518073815
1.416666666,4.117924576926348,63.528638446715966,4.005838582484209
1.427083333,4.7146592231408855,86.96208541439975,3.258515311642943
1.4375,5.7392224263831775,74.1923367040297,3.1750635938418563
1.447916666,5.037296653434051,86.38786977714446,2.461357608230722
1.458333333,6.3479855489582375,100.37481625811385,1.8544894207429925
1.46875,7.4346586042004414,87.56719042072386,1.9573818364198736
1.479166666,6.2286339486439,91.74269265550134,2.597690442487088
1.489583333,7.664081006148636,100.60399503445802,1.9589460179886002
1.5,8.074318836632777,131.31117898120996,1.8760522690084462
1.510416666,8.593488442096275,121.2773176869787,1.7806926052089926
1.520833333,7.563591401567981,150.88751124417695,2.366457349281762
1.53125,7.580595813921109,125.0491945003413,2.220035367837011
1.541666666,8.659829868154128,132.45233190578642,2.3374606698999503
1.552083333,8.542492171461367,144.78641364412354,1.5795507527361652
1.5625,8.472213646718075,149.04292553604293,1.6795311542695353
1.572916666,8.511845055854936,148.21445137860965,1.1086633760260451
1.583333333,7.915179525168667,141.11922588108146,1.9706814625185178
1.59375,8.395423853302248,139.30355879987593,1.17108070183197
1.604166666,8.352388528535897,134.70695424458629,1.5863865439719835
1.614583333,7.680378528567239,134.7464065717839,1.213093683777129
1.625,9.044939942539886,121.41428617040242,1.387483045856961
1.635416666,8.145897687044227,117.5189201144328,1.3451412322275507
1.645833333,7.095823216872977,122.73822589191454,1.4523500186786762
1.65625,8.034242534981383,119.67943983617262,1.5204833853461834
1.666666666,6.988462425619053,115.28343241272303,1.5773652253665271
1.677083333,7.862601762940757,123.30473492582361,2.0551786391276674
1.6875,7.935890116230874,123.43587118094639,1.556508518894913
1.697916666,6.667976044361,113.47190792583369,2.037147464027463
1.708333333,7.53489746767437,123.18403586342275,2.4227030455372454
1.71875,7.079989131871151,97.86525504748231,1.9946437262351724
1.729166666,7.178503405915368,103.82696696709422,2.0152510973040707
1.739583333,7.681012825587702,97.09735861977933,2.2223083892171163
1.75,6.429211491173026,85.41201210926816,2.6236922596916825
1.760416666,6.146474758197787,101.6323135850204,2.2867328774577502
1.770833333,6.1033362223235965,101.63386065824844,2.063583541121911
1.78125,6.147834012239233,116.39340356192467,2.379712960365449
1.791666666,6.527454258645875,108.45796477899637,1.9606429335553082
1.802083333,6.664776572723914,93.0188139655079,2.5956303817617807
1.8125,6.527994534040978,115.95980730240314,2.6257794119178888
1.822916666,6.835204370929043,109.09176750695839,2.4069054255890725
1.833333333,6.426375608669562,104.20517246847824,2.145097555631157
1.84375,7.337165204102315,98.8946402225011,2.044750769182184
1.854166666,6.485149596459256,93.91143843625903,2.3933710023193293
1.864583333,8.229295702985803,101.37857114711767,2.570152363654503
1.875,7.002433468031822,114.19421442172967,2.0679065171125752
1.885416666,6.140083658123359,119.91009478048481,2.4302944084420446
1.895833333,6.141126409196421,116.90751648492939,1.5663420259967886
1.90625,7.143168190739753,102.49486730590016,1.8752851225541252
1.916666666,6.840012184076097,98.73291982607658,1.977090652023855
1.927083333,7.463352696543522,111.01567416565699,1.6756645890892858
1.9375,7.346425538337433,95.86191219274642,1.6585923964750107
1.947916666,7.152706856464111,113.584254057674,1.7004990459049365
1.958333333,6.8444842449095615,112.48045527738522,1.9172368007856102
1.96875,6.571165510742387,111.88021635692351,1.7370386010851382
1.979166666,7.242129710490454,103.32355233185828,1.1128187450724611
1.989583333,8.009045672061747,122.46672015816642,1.1480388107734603
2.0,7.602890042373297,113.56617970787848,1.624079991389893
2.010416666,6.704880765376276,106.671431520128,1.9863154705673085
2.020833333,7.284555089445618,88.37360119057246,1.1012356729323185
2.03125,7.344058324282571,112.30107815770619,1.860775744654525
2.041666666,6.509427628235035,126.1480869971594,1.949877820570892
2.052083333,6.9807935200233135,123.36802785187608,2.616684613289901
2.0625,6.8029001706436025,102.86182992322948,2.1845650888333163
2.072916666,5.988781149311661,99.47058489318586,2.498231451242362
2.083333333,6.803471161371693,108.63790292153287,2.504555562583362
2.09375,6.75026805874387,92.69304921167989,1.8883181858401699
2.104166666,6.886173674141114,101.21034692674273,2.787752132392802
2.114583333,6.7296310978714295,103.30960842587825,2.6939865915754924
2.125,5.1982410501754295,104.99927509810598,2.913974070849033
2.135416666,5.259431701705501,90.19195622404017,4.099703277363673
2.145833333,5.8840426455482255,85.7551963814665,2.4941704244429976
2.15625,5.686099782082534,76.3564483784678,3.8047643797530664
2.166666666,5.487644542737661,72.91781408586391,3.346363975488037
2.177083333,7.207319897083281,75.0324173692718,3.632754664650137
2.1875,5.208560389270048,77.60581092439497,3.6348082767492653
2.197916666,5.387478182844549,79.47400431692549,3.581198048067938
2.208333333,5.183107122326583,62.83151495831821,3.5985525334316852
2.21875,4.9571136264500435,81.64014326254892,3.9214510176288284
2.229166666,4.324207336612914,64.67802476001664,3.412326793244491
2.239583333,4.891324504832678,66.1339506831994,4.124411035087541
2.25,4.0094210757754265,59.8011558968583,3.8405276887596305
2.260416666,4.265355724622535,44.34741342470864,3.6935818962812434
2.270833333,4.055451513803001,72.1354024719652,3.9588259172723226
2.28125,4.309560163766666,69.5957110970679,4.515780240392621
2.291666666,5.508324033420081,59.49275649749661,4.025812327488509
2.302083333,3.0813230537096716,61.55451393238483,4.327124976945516
2.3125,4.478789666072977,64.46634097530362,4.030737299974422
2.322916666,3.131772199128798,45.49037205390026,4.4915150661388
2.333333333,3.759949874973582,54.19404341528846,4.489961242292689
2.34375,4.645367534309573,65.78674762385545,4.863652318373164
2.354166666,4.053974722371988,47.583230025124216,4.2809914239749265
2.364583333,3.384798199417956,60.704258360067406,4.539414323523319
2.375,3.5857468538452992,45.684730228126696,4.325340992056637
2.385416666,4.411809277910179,62.365261964227905,4.619384428664447
2.395833333,3.700545647569661,58.649546170345715,3.8903470992288343
2.40625,4.383589690862275,46.61866518126946,4.0462541220433526
2.416666666,4.540624888431214,75.6158914964664,3.44425896181572
2.427083333,4.444633224650264,63.72659271138285,3.1673755792544678
2.4375,6.3034785748172775,67.23363342232814,2.8818456621440216
2.447916666,5.788733893913586,81.07246359054116,2.6424896009889447
2.458333333,4.683403697132653,95.9619404608752,2.335223571450234
2.46875,6.375601356562118,84.20054112353893,2.307072318166028
2.479166666,6.316294774986535,100.64029932432845,2.6170331952445145
2.489583333,7.572423727975696,112.29541055231297,2.3690551897697487
2.5,6.946028256631324,120.45635459543412,2.2712293348744743
2.510416666,7.512153154325521,119.00262559373526,1.8108978519432455
2.520833333,8.007291556915543,117.35474994174412,1.6149020802610958
2.53125,8.320881878776794,115.2826499762173,2.0987450998860253
2.541666666,7.219235076596245,126.14338279223382,2.0309146432231207
2.552083333,7.734709707292201,114.2809091373137,2.160026890776721
2.5625,7.648430290694893,98.436445957113,1.4922640839135666
2.572916666,7.673556136544722,130.83779361861315,1.5712325271891086
2.583333333,9.092960831376141,136.14440868585731,1.1429987879176235
2.59375,8.296239011118052,108.56519936339848,1.5352275201704773
2.604166666,7.261296577629414,119.64006548340848,2.0068211368893047
2.614583333,8.295200563283752,127.01867583786296,1.5944776471834101
2.625,8.85279508365543,138.56922458645178,1.9024426597625739
2.635416666,8.321469895598554,123.21984363754528,1.6768134215166757
2.645833333,6.814209916452756,115.07344765508941,1.8740807008316387
2.65625,7.320141715908825,120.27237097700342,1.5251145163441748
2.666666666,8.208249725983011,132.29440931627556,2.0461011363039985
2.677083333,6.850918485263932,109.4913252675805,1.264313133818455
2.6875,7.301230285369561,104.51562537440182,2.167212400655628
2.697916666,7.3719926163286305,105.07663465681658,1.7781981734123358
2.708333333,6.304125922290221,99.42323058014883,2.6585328334937364
2.71875,6.715139937955613,107.6016668228502,2.5903375591705458
2.729166666,4.800810108237013,118.890114638528,2.572563424355565
2.739583333,5.940192452054203,105.25275940033455,2.957394970298215
2.75,6.256245172109087,97.99007502517195,2.2847147173226214
2.760416666,5.610328723894851,96.23883172143685,3.1451270419832587
2.770833333,7.1746907763508645,83.90883318808744,2.959304049380896
2.78125,5.346271765501326,102.21026642634834,2.566941795748616
2.791666666,5.871645241483638,93.58806195680852,2.861585974657785
2.802083333,6.3186224703766465,95.06036801967731,2.1389617235126064
2.8125,7.1212580154522955,125.38359946571558,2.1973816451794015
2.822916666,5.535362112760888,102.33378090468344,2.314296419497003
2.833333333,7.013531858960613,92.52343206755062,2.4236340132423035
2.84375,6.283410557147713,92.6978806028307,2.236053904943015
2.854166666,5.7694181260926705,108.05434940257747,2.843428333923167
2.864583333,6.71292279590755,101.15285282273604,2.367643330093988
2.875,6.621508814878347,89.01604759350467,2.5262317030578716
2.885416666,6.220020569516673,111.62382167301382,2.280483507517463
2.895833333,6.566608361209747,94.20228229426797,1.8454829030022046
2.90625,6.308050917826004,117.3520674563892,2.320412053136611
2.916666666,6.790626529423042,114.40095792148408,1.6033750122478112
2.927083333,7.1834245237969725,102.71249893242229,2.1289610495783067
2.9375,7.753028422045593,120.64472869057806,1.7955638929393234
2.947916666,6.081017711877922,105.15835988066235,2.7902123357238384
2.958333333,7.92463224808739,111.94045907172698,2.3829281231673978
2.96875,5.777968164245805,111.48195158320084,2.0911406786279083
2.979166666,6.868537368753773,101.73585284392334,2.4165341414782415
2.989583333,7.345782270653658,105.54046121549906,1.8289778860145975
3.0,7.139721968247582,120.19640805136325,2.3374544422132244
3.010416666,6.511221025315636,105.97567380086606,2.352250639848709
3.020833333,6.614986200404595,102.76624304297046,2.4679980513063176
3.03125,6.350716437938315,94.41487948396028,2.762813522324998
3.041666666,6.277622000392668,106.83182139521097,2.5413545776234394
3.052083333,7.177093026272392,122.16959622608755,2.3672296708818035
3.0625,6.930979535957026,95.44952704149782,1.739167304127768
3.072916666,6.419765103731601,109.78339797561009,2.021416905879229
3.083333333,7.262568948036965,120.62697774575494,2.465322830964353
3.09375,6.659838365738118,102.38626918298165,2.6871488557233496
3.104166666,6.745003031415891,103.41686727231706,2.4344127241055094
3.114583333,6.473025133621438,87.19673097193636,3.58506214941616
3.125,5.47237322293487,97.63110180613035,3.455965091438902
3.135416666,5.422038965036016,88.54260606282705,3.345485361040478
3.145833333,5.975895608011328,95.63045801850475,3.351724472321562
3.15625,5.692665484272144,93.613254883803,3.4295911570493605
3.166666666,5.129367775514133,102.11370373618448,3.3566838532290406
3.177083333,5.019579655077775,81.0948224333367,3.794826258483075
3.1875,5.486472035369901,74.98244696857752,3.929540020409144
3.197916666,4.263698680505303,70.99377085752766,3.551966027644572
3.208333333,4.802723099552782,64.06313821441809,4.078321757965626
3.21875,4.265502946756375,67.9092235868915,3.9778483257060526
3.229166666,4.160265365195513,60.5286090149815,3.4888316080501056
3.239583333,4.8425892463182985,63.38406620453636,3.8324702638449715
3.25,4.635351456245369,72.35562290689262,3.990997234568531
3.260416666,4.569423728824689,50.94067817859411,4.692824162914769
3.270833333,4.8234549039599175,69.44523381133337,4.334481393526181
3.28125,4.067528422257114,70.53662945111641,3.8146723881658926
3.291666666,4.38140959521852,56.80824877589438,4.3855165895804875
3.302083333,3.767710712123947,38.40106894783689,3.8004805209042454
3.3125,4.11704802438525,51.59699531914563,4.615635069255521
3.322916666,3.8474680712769476,68.0145455282403,4.188918788567877
3.333333333,3.939731200333808,55.838739311573555,4.333348772525989
3.34375,4.1992219768416525,46.95635416852875,4.787652976119138
3.354166666,3.366478166641641,50.56147587064682,4.023928224018675
3.364583333,4.994551240204315,62.02490493754486,4.007162544297433
3.375,3.258675770826395,59.92055951650056,4.272063451776507
3.385416666,3.124664712808642,52.32551529764695,4.735615304246842
3.395833333,4.425142912506483,49.408157811690465,3.8103560373075096
3.40625,4.35217430821973,51.476717987312085,3.130629015508391
3.416666666,4.5698380260884015,52.08946644716681,3.543245712887686
3.427083333,4.8249928058123075,78.17154368394897,3.5062718231257834
3.4375,4.723392850363237,65.28240653109515,3.3289708439538215
3.447916666,4.564286754955286,83.87257855292955,2.51315296281675
3.458333333,5.533828933412764,93.41226360870195,2.3153836382770163
3.46875,5.576618172570566,96.68994251270605,2.652105105937111
3.479166666,6.965291376194896,91.60051972288296,1.6586216472390942
3.489583333,6.75515379637401,106.02224893675891,2.011582820194986
3.5,6.777318044082991,109.41310695725818,2.097424648393733
3.510416666,7.42874216757896,109.93909527979292,2.1008826397092464
3.520833333,8.099192667125207,125.61092627672774,1.7507503292541942
3.53125,7.6507345155083435,114.63702409405165,1.851230788085184
3.541666666,7.576243047283761,136.81704817886572,1.0435820389403037
3.552083333,8.232946909420006,123.5283951216566,1.5364429332555725
3.5625,8.265783925939571,130.85586527357626,1.8331994621970225
3.572916666,7.822647227548435,130.16354380496642,1.3764074816687648
3.583333333,7.812341221978927,125.37280430359723,1.6598072227449547
3.59375,8.244167226261466,133.77602133285106,1.7647610887291312
3.604166666,7.268958798170895,124.64810973055252,1.5399993824546665
3.614583333,7.225726851159123,135.3848695574817,1.7178038903033033
3.625,7.521238547471319,114.30443321788185,1.412345495895738
3.635416666,7.7170556711741485,125.85709610210932,1.6762219201244366
3.645833333,7.9221935957187055,139.95253512591694,1.9654243687337438
3.65625,8.485030612970196,112.84001879136572,1.8851575624123478
3.666666666,8.041406852643478,114.17810950528032,1.7304114192943376
3.677083333,7.352821873356657,122.79798490044422,2.0435127431640816
3.6875,7.317541244239492,118.11878574792964,2.269707303009322
3.697916666,6.633520097274905,117.52188755110953,1.535629302684005
3.708333333,7.055598533754768,116.43873231939367,2.576038667114276
3.71875,6.764961906156541,115.31206058261176,2.21289468960573
3.729166666,6.976625430194787,117.05937907227818,2.5137161149138487
3.739583333,6.193418607546897,108.28713039731026,2.797186807067016
3.75,6.839177013226872,99.29124246434355,2.0076976501975863
3.760416666,7.377220983981061,107.0634105671895,2.1545577441053796
3.770833333,6.48881345503116,118.41461543778935,2.2686551057551774
3.78125,6.7917541546620495,101.30270734867563,2.135145572119582
3.791666666,6.966908774923878,94.68074754994213,2.9375218232436726
3.802083333,6.319294842541516,113.27411533851385,2.274105253768779
3.8125,6.581367910285284,100.48687233166753,2.473694774474583
3.822916666,6.323095587865647,78.69229799642356,2.6908551697815017
3.833333333,6.331193913837372,103.99662341050964,2.1660069942208136
3.84375,5.924849424404692,93.64225074967611,2.316674365579837
3.854166666,6.475953011638728,98.59209108444759,2.453118243119324
3.864583333,6.844982628460629,105.44337576174327,2.2320147984522185
3.875,7.482259655267217,106.82690923166858,2.361281153964886
3.885416666,7.154267176356981,109.61424234691759,2.2723517632794774
3.895833333,7.757260563943149,96.11116418415057,1.86796069853533
3.90625,6.181743891390558,106.93632427115642,2.2663145675817966
3.916666666,7.3112653259240705,103.8373459911595,2.624399321656832
3.927083333,7.000821034684687,113.69489056922133,2.066463566427567
3.9375,8.214741791280463,115.11228763469765,2.1205500870017513
3.947916666,6.548240050104369,99.73043359567706,2.221224857379281
3.958333333,6.5660605114239745,118.62276336536627,1.5640028860641693
3.96875,6.896324392684799,108.24497929141357,2.407113891284573
3.979166666,6.134542076907408,122.02861220913218,1.948066070225379
3.989583333,7.095882069908711,119.41306819399657,2.377153322803428
4.0,6.991587256031565,133.78194623095547,1.7070559289821603
4.010416666,7.480868071802209,115.2365317957242,2.519700165446245
4.020833333,7.211217154518707,107.6716822158996,2.286472919017175
4.03125,7.9963483427682,109.08805872713268,2.3216835284343253
4.041666666,7.373611638028152,105.00570136036103,2.3308335582983375
4.052083333,6.388550180612497,112.75296575258686,2.289490591018062
4.0625,6.171300275908769,91.36207230377687,2.816646946289539
4.072916666,6.799061854672114,93.51459831419457,2.586017747016943
4.083333333,5.610397193174662,90.70020405481368,2.0346099011019874
4.09375,7.256087759785606,105.66675423382867,2.341094177610501
4.104166666,6.755806314315173,110.01944921602896,2.6509165288442773
4.114583333,5.6714618048647205,91.85012146496408,2.8638081919587233
4.125,4.784923270189625,88.21686227459388,2.880074923968613
4.135416666,6.32461095016973,86.78543876681518,3.417672040408733
4.145833333,5.29268426684628,92.79771968021092,2.64240702270072
4.15625,5.8687379223954,71.1159734166869,3.4291644546846585
4.166666666,4.09605447654583,78.14732759239408,2.9743356290492153
4.177083333,4.512187624896653,81.9751737003325,3.847391216180516
4.1875,4.73404103779952,75.50889231886455,3.6878413508658165
4.197916666,4.6690950341487305,71.0088345673858,3.8966599727637874
4.208333333,4.301690299938293,76.7558610567425,3.57362987535501
4.21875,4.865503335931141,43.35465388172268,4.263357978712066
4.229166666,3.8584086145566943,72.07879913587092,4.230891284192983
4.239583333,4.349827292043208,59.89697311147734,4.131119457423344
4.25,4.46162156175851,49.08108124526164,3.977759152274054
4.260416666,4.62312592348018,68.42256316454073,4.248769544838189
4.270833333,4.668887429626315,74.87095967140893,3.924554181235155
4.28125,3.565390367270248,60.55182746095607,4.434630628856537
4.291666666,3.278383670004483,69.14455899112677,4.7102553169146315
4.302083333,4.830501907463816,74.0904877990989,4.5715508041753115
4.3125,4.260446392547761,70.87693362553806,4.062335824138365
4.322916666,3.627931109432712,73.36805826678977,4.404067250304099
4.333333333,4.923780020127923,65.39930331258563,3.9314063773976304
4.34375,4.10130794790853,59.47200005007422,4.512197168242749
4.354166666,4.710857890382549,44.82713200258284,4.493594585917959
4.364583333,4.087976696730504,56.871925643108575,3.8108001251531602
4.375,5.264731958991581,52.047768097140626,3.979617437302055
4.385416666,5.183473198196456,80.28918533761743,4.182996815979701
4.395833333,4.243185521736468,62.481026757870524,4.054943148490745
4.40625,5.234718467402701,69.56935643277322,3.5211282497470346
4.416666666,5.329226122254062,78.58751603980582,3.68380570650109
4.427083333,6.052815653697967,79.02902879759453,3.3249257545524142
4.4375,5.083460336177544,99.07169243402149,2.845313264160467
4.447916666,6.4217647435655305,84.79119434556341,2.367668353012639
4.458333333,7.054109833553393,98.87148351325602,2.685102190672878
4.46875,5.868353986254009,97.49722962492345,2.726953509735914
4.479166666,6.5794363140284435,98.87623672160939,1.992199782928128
4.489583333,6.366884873686413,111.40732522029624,1.8835708244974108
4.5,7.5394215416793715,119.73645610591896,2.1529866043838446
4.510416666,8.218140423215576,118.22879549055331,1.8410784171497456
4.520833333,8.74206340765682,117.81669779972181,1.8473471735451763
4.53125,8.003392669443592,112.88797597197325,2.0526552412466277
4.541666666,8.86258280482042,125.45782091971806,1.2286092685343504
4.552083333,7.197048423212566,111.86130160893859,2.1470808431475703
4.5625,7.071509869048152,133.13472902703347,1.7328474669418947
4.572916666,8.02352452528549,128.25937711475987,1.5623946700604021
4.583333333,8.241994768675658,114.59008633476816,1.6546992195547283
4.59375,7.8901463122511,123.71490815003305,1.6997447583738299
4.604166666,6.5345144814644085,116.82669739890233,1.268308013478053
4.614583333,7.62641737346765,122.98424554940796,2.262349551869389
4.625,6.911711847969745,132.71898101395053,1.8173037336293971
4.635416666,7.964487980970245,104.11023405981074,1.9681428364675573
4.645833333,7.728949288374829,119.85762917070323,2.1729958989780167
4.65625,6.835925574067843,116.3681683356285,1.685692250885193
4.666666666,6.861031945998211,119.80582007908673,2.2979449453217446
4.677083333,6.3860054203440155,112.14816527305918,2.2159312388195245
4.6875,6.8175165640966116,101.42121197488002,2.6178377892128486
4.697916666,7.301987892872631,103.47472070967562,1.7749544046009893
4.708333333,6.103675747673846,97.8541154854784,2.4154479497476258
4.71875,6.84153094937357,112.45210478814174,2.3237152774008174
4.729166666,6.130113358134768,101.0687299436685,2.702814350374295
4.739583333,5.887439464847505,115.7307495209944,2.7814481653545595
4.75,6.196465099933154,97.17158173539414,2.4891182280009154
4.760416666,5.598528734939585,90.29405320713646,2.5438248503637895
4.770833333,5.8083318319177835,82.1701042280293,2.7763067782798534
4.78125,5.477754461161298,78.99943998912255,2.498158852527219
4.791666666,7.317436765156537,82.17815713243779,2.9044181922617143
4.802083333,6.278569695648367,99.54321276046095,2.4874054563959818
4.8125,5.918606928552353,102.50690220531588,1.7041623631510325
4.822916666,6.412014293499638,85.00217296749145,2.5057566921516994
4.833333333,6.209250443517247,105.63646420183417,2.390793440216805
4.84375,6.2227441149242235,93.84001695361358,2.18254696562456
4.854166666,6.763486851038292,101.26843648843588,2.2306824499406996
4.864583333,6.909898298663627,115.11175212642041,2.59625586237988
4.875,6.215596417261886,109.86838925636904,2.934747732129194
4.885416666,6.152008958371327,99.88710945820927,2.661327462035489
4.895833333,6.424935086598784,93.62729277132532,2.32250553905654
4.90625,5.3762782267241125,85.45251453521797,2.4878228821671944
4.916666666,5.897023386618349,99.61855983015188,2.1444844407507455
4.927083333,7.571838074454952,104.89027362200181,2.0497162362665664
4.9375,7.642310476903222,98.18897796200666,1.967851096934394
4.947916666,6.627368234143797,103.54232991165856,1.7888723567301343
4.958333333,7.15915193551561,107.71703597580841,2.1037980321959453
4.96875,7.087117189912671,106.10788122407538,2.2143312737059535
4.979166666,8.693531774311237,103.63265049176734,2.119644610728655
4.989583333,7.53454985253638,110.75829804379819,2.0673782833353993
5.0,6.1966549980446715,101.42900247953133,2.02013938863682
5.010416666,5.630834989556902,86.21500314738938,2.6280031577833696
5.020833333,5.172443113899299,106.77214020234241,2.2144054755053424
5.03125,6.149917265786671,92.86553318452484,2.999456253619636
5.041666666,5.515261321756503,92.42385178197848,2.612578328820411
5.052083333,5.068033776544814,97.44978460517837,2.805303117083988
5.0625,5.4383787717366845,92.2430821804906,2.6885402395151514
5.072916666,5.012959198059457,95.27922574605182,3.046919412001176
5.083333333,6.432225245591322,86.83288296192836,3.5390427614168907
5.09375,5.8441499389195135,76.61464270813751,3.4333720041409825
5.104166666,5.222893101111347,83.0564420249734,3.5859723313671785
5.114583333,5.965756693269238,68.26603199519086,3.4883637283523594
5.125,5.057703358701489,77.30022638371126,3.081175560956969
5.135416666,4.404124421544866,73.92931010746713,3.4062370986427553
5.145833333,5.632446773051707,70.14121112688278,3.3731699777930433
5.15625,4.958115624330657,68.76490790001709,4.101859105042336
5.166666666,3.9476108151971303,51.22776745408032,3.435213883803608
5.177083333,4.327062565838312,61.06182833523245,4.134306286479915
5.1875,3.866037965406284,65.31165117216521,4.207514262547164
5.197916666,3.4966937616345937,64.27879626732972,4.538828275210493
5.208333333,4.75092944258126,52.995333382342764,3.9286307117700883
5.21875,5.26600505439332,72.09996376759655,4.3119773284011504
5.229166666,3.3471718886024937,52.76247598573942,4.818315606123839
5.239583333,4.426372621325983,68.19688520867058,3.993168323624126
5.25,3.72613830965239,63.370066358644024,3.7679656630898584
5.260416666,3.7942401240735917,53.606082787528294,3.711620190144311
5.270833333,3.6986147637274627,74.19951478021987,4.5266845070556645
5.28125,3.508146592710391,47.62541053224268,3.791410766649152
5.291666666,4.004242820246412,65.76595772208022,4.27269575498581
5.302083333,3.4893601608411613,66.23621100097104,4.541231503899223
5.3125,4.088418085703044,51.15342577879903,4.489309639663568
5.322916666,3.8866240892392128,68.80759830711779,4.578362143442434
5.333333333,3.7679318308490024,54.286546505192106,4.536260451696813
5.34375,3.37923880119479,58.84380692132574,4.872092360498468
5.354166666,3.5719515804645736,58.64425232749602,4.224807237494273
5.364583333,4.320679529593694,55.07234258137198,4.315762605971857
5.375,4.162690807016055,62.801591909899464,4.266793374782665
5.385416666,3.364443474812175,63.55196251098328,4.716046826928973
5.395833333,4.102893773871564,43.32689278639683,4.669478795800904
5.40625,4.617812830825086,72.23662086228566,4.389339267799578
5.416666666,3.4130822647783803,49.5535860257905,4.423230455087501
5.427083333,4.861953307102385,76.26893026723168,3.5082028490773918
5.4375,4.373359988899447,80.48981498673075,4.075757322423176
5.447916666,5.300422752058243,64.88899487060742,3.711321475341337
5.458333333,4.774593802105188,74.96290144033999,3.179444953507126
5.46875,4.403880100998362,72.81752912049895,3.2685164525668435
5.479166666,4.712094560038274,84.3241598940427,2.0960108683895915
5.489583333,5.853397617278822,87.7343060323471,2.3534610758477155
5.5,6.106867875013189,99.86801437313026,2.261087066872655
5.510416666,5.492346055001064,105.22655768147052,2.6831395283776702
5.520833333,6.401566922398111,106.75986041040156,2.158510555959907
5.53125,5.112676868750114,89.92157392140034,2.7108761509981933
5.541666666,6.033592244780365,93.92231189446896,2.94325188258275
5.552083333,5.3572352171903805,79.57538855210566,2.7985945321111503
5.5625,5.637709628563591,86.77859176521252,2.7158842615403116
5.572916666,6.065953923852628,103.10924016789205,2.4041402116709145
5.583333333,5.542600891898283,108.77327345155872,2.5464997833554026
5.59375,5.780470050843042,83.85131838859428,3.3101876658901452
5.604166666,6.490233094778903,88.37588869624878,3.3466921517060264
5.614583333,5.475849345414077,89.93052231053787,3.1688356849094372
5.625,6.229467175895578,92.36779984647754,3.034987414037845
5.635416666,5.121640053982966,83.08662538485399,2.5937655141687173
5.645833333,6.015499950581678,92.7336810375212,2.925611271883826
5.65625,6.489529568265201,84.9282279450694,3.896592702670157
5.666666666,4.185266916150972,87.5712190155126,3.0696360985200064
5.677083333,5.037667349862394,90.37800707439294,3.573261858483484
5.6875,5.73382905555723,84.2085852570687,3.833210023424242
5.697916666,5.235135483397459,79.18881868621133,3.1629748414861516
5.708333333,5.509048744390369,81.16904967015633,3.5966882926867725
5.71875,4.901083965581032,80.42889817457558,3.8422284862068525
5.729166666,5.235965797093377,76.96777157841406,3.599350819784898
5.739583333,5.055805971612198,77.13571704661227,4.479736291122952
5.75,5.816599471205295,93.63766369400095,3.160741983573629
5.760416666,5.29064103401752,84.49705853220352,4.002400075492849
5.770833333,5.340091281885906,77.12837633854309,3.6671243066597623
5.78125,4.884089420152798,84.51717776284384,3.9148321986392274
5.791666666,4.828545871822986,75.4853158697253,3.7469006411481187
5.802083333,4.864544896469928,88.57521806387417,3.3601617097269845
5.8125,5.322914942869916,81.23324890576741,3.624879795876736
5.822916666,4.910455027846151,78.66612810744095,3.0432549844349284
5.833333333,5.3289989761384415,83.57050122547898,3.8301026670801335
5.84375,6.343208353280048,65.47170972039298,3.712499515738159
5.854166666,5.734013800715427,71.09384744046956,3.76568646746156
5.864583333,5.079682682130961,70.76890716666782,3.8654510139986913
5.875,5.925696912748019,82.19383826994509,3.642471791881003
5.885416666,5.024844603589619,96.81154173597025,3.6002889503783746
5.895833333,4.140039608229999,100.74840533636467,3.230110232154012
5.90625,4.761176640140155,88.08744874970859,3.1448257929361074
5.916666666,4.362166413686913,88.49353368757716,3.6416988376377266
5.927083333,5.265567789459649,69.25512238331255,3.694149863588673
5.9375,5.4668542483715346,81.00823054517114,3.2600165988730487
5.947916666,6.414009194894576,77.48704533576864,3.3416050189247763
5.958333333,5.677923866283002,80.27728793785398,2.969353028600404
5.96875,5.451441149872186,85.30392907471901,3.5390628295825355
5.979166666,6.079650977355722,83.56218978955815,3.3783675071756525
5.989583333,4.355362498493594,70.91297046614858,3.819227182056104
6.0,5.688002138258724,93.97424587061978,3.099847988163003
6.010416666,5.92906889706005,76.86583090635467,3.367666377466105
6.020833333,4.429087710887852,83.87186180331138,3.631296092932997
6.03125,5.9248619910431195,99.38923740933438,3.745324239413277
6.041666666,5.473030223875175,73.74432078228692,3.4423898850333097
6.052083333,5.096398759027518,60.256047964011806,3.213262536292551
6.0625,5.727371007870589,80.48461013234916,3.6912731323214394
6.072916666,6.579517567516851,92.42055175747043,3.714566145202126
6.083333333,5.256990171079996,97.25842851951244,3.3673672720956427
6.09375,5.177755373563696,67.24582061999283,4.124658108755112
6.104166666,4.672801839219267,80.48755067493614,4.114761820463173
6.114583333,4.354236334697998,70.33781079715965,3.8458911885579976
6.125,5.215944205918979,71.99083406896862,3.894929004147827
6.135416666,4.14779999007844,93.90937062542042,4.112437159395266
6.145833333,4.567101239772155,55.78300634002777,3.771976847998031
6.15625,4.150413929495216,69.16911666679346,4.118555433848507
6.166666666,4.594226899088465,69.21497052492863,3.548880954685898
6.177083333,4.416086716047749,72.84893251209284,4.52528811674691
6.1875,4.739089506360446,62.68447137317092,3.8529048841896163
6.197916666,3.7881755828149153,63.29669621308933,4.812122901265924
6.208333333,3.8703372507240985,56.10056212940624,4.30935197074749
6.21875,3.423012024656046,61.019049626366666,4.37891156129154
6.229166666,3.6871932662728204,54.94377456402519,4.2801827468743
6.239583333,4.124475633891966,62.85401950457852,4.404657486489814
6.25,4.318839141789436,53.76428058605038,4.92932706765351
6.260416666,3.3479797558157083,59.9799918654299,3.7804828228764764
6.270833333,4.344570325336482,56.16534547595157,4.922061255179591
6.28125,4.596970277888206,65.81619128331234,4.667148722644282
6.291666666,4.042321847686928,55.16535123081399,4.224698186320925
6.302083333,4.859964782428614,39.92660684324008,4.274922199645693
6.3125,3.3427778874812697,66.30081328773171,5.112409464938367
6.322916666,3.0633061335723903,47.12271339041595,4.353320372950215
6.333333333,2.745727217531184,49.09553808348491,4.310204312534497
6.34375,4.591294357444303,49.394544627783304,5.009668356657046
6.354166666,4.110793276758894,66.48860974794161,4.778655326816134
6.364583333,3.702749452259718,35.86652397303596,4.408237394414092
6.375,3.8960368743448712,81.98169351931136,4.763579175343697
6.385416666,3.1240194767678346,64.06322128423315,4.380815763751354
6.395833333,5.240179072483562,57.937166350508036,4.916956923942781
6.40625,4.070478317316041,58.23021888258828,4.746331906268852
6.416666666,4.247724171817934,64.40084748892595,4.411653141967686
6.427083333,4.802878016557204,69.76291637584896,4.132686260781333
6.4375,4.855668921020287,74.12920106345977,4.24370280630734
6.447916666,4.953538782483243,77.34225824022866,3.3680257766739907
6.458333333,4.628639250746388,77.69020648971087,2.6975667161556762
6.46875,5.5846799763012465,79.41963205106131,2.950391810585772
6.479166666,6.600488792686098,83.57424268851375,3.2786903946783683
6.489583333,6.487349446782712,86.58673578660158,2.250382450427189
6.5,6.790773874012629,101.2034724154243,2.3751332807048864
6.510416666,5.682308928956575,98.84010845235011,2.5774516982920486
6.520833333,5.438272195645085,68.64320893287484,2.43951253805399
6.53125,5.9329783674149015,100.22996149657008,2.1841790499843294
6.541666666,6.030148640345775,96.15848462652856,2.845870320880162
6.552083333,6.6066893794353785,94.12538844614066,3.2561563483008005
6.5625,4.9857805760464835,90.53792674677015,2.7110397716700594
6.572916666,6.792720507599842,102.90323000137148,2.475097668196819
6.583333333,5.811347991408605,101.18912714246837,2.3595393851600233
6.59375,5.6452606846979085,86.00460883871656,2.983207116736409
6.604166666,5.262463666882481,95.60056788910958,3.3330347443344195
6.614583333,4.83637964051873,82.5135782160284,3.241487364862411
6.625,6.1854566456977045,77.90887608001738,3.173045998693785
6.635416666,5.700763918885951,83.53839253610202,3.05975757925947
6.645833333,4.872003472783485,95.5140124601415,2.9620901288404973
6.65625,4.813270787631975,95.4224084514706,3.58137308223615
6.666666666,5.299366185606819,90.57176032846081,3.651953928491019
6.677083333,6.375671001634272,91.37452551643695,2.963590444493649
6.6875,5.213387588570795,88.44255213516783,3.938780479569154
6.697916666,4.437148433979418,77.11247433443302,3.680597674368594
6.708333333,5.080855270473539,85.27206968927902,3.9656302627544946
6.71875,4.998480829161216,87.29261288895947,3.1857016835619594
6.729166666,3.5603260658788107,85.77981321653533,3.21079578996268
6.739583333,5.015198021068159,88.62770878223937,3.594098958456252
6.75,4.914764656635995,83.97895204712393,3.7608056874292966
6.760416666,5.4521001307375005,81.3158268196865,4.1127577490230225
6.770833333,6.143183622467422,88.09194026010358,3.7823414511101583
6.78125,5.751795524091327,78.99661576505962,3.5118939025818015
6.791666666,4.938843496757858,71.38244364402581,3.317038889569207
6.802083333,4.406868578034562,77.00133598512558,4.059044941971155
6.8125,6.439008046565945,70.72618851476236,3.4694318853853456
6.822916666,5.006329164121448,70.75112920564264,4.2235826460333605
6.833333333,5.01931874766147,75.99034015728974,3.579849985566351
6.84375,5.0616540006822515,71.49745339818577,4.0737310569539025
6.854166666,5.2764068387949825,76.94668391428588,3.742025076129387
6.864583333,5.107580226677381,64.21572186955416,3.478252906578076
6.875,4.836075289959102,82.44534559419424,3.4143153015734984
6.885416666,4.828673322105804,79.8619388161686,3.4923852398372035
6.895833333,5.173145863562597,72.83756579034139,3.6125596828366553
6.90625,4.951989544603808,87.49669106697456,3.3642681876633738
6.916666666,4.9347965590925895,91.23801900339832,3.091173601410591
6.927083333,5.439772105189948,69.6458386832285,3.16788831063862
6.9375,5.235864828005838,77.566647605749,3.234744472466324
6.947916666,6.282280929037784,77.35638360543619,2.537564061289766
6.958333333,3.9733678768901317,77.17765114348916,3.217228124253733
6.96875,6.182181110487584,94.13478903121602,2.7507717405329957
6.979166666,6.291906740460347,85.70812628118301,2.7012671330911404
6.989583333,4.408289478859669,85.24671062056599,2.5742979460549114
7.0,5.688063189035014,74.61801890383119,2.522851279994384
7.010416666,5.707786624670333,98.40454125407973,2.5836276634703688
7.020833333,5.181784588377764,83.66071687965649,2.7720432649874414
7.03125,5.530076593452091,94.85591087761718,3.615984437528031
7.041666666,5.320214969340496,96.45417380595087,2.931607569812881
7.052083333,6.908578637367429,105.4274554456234,3.1858797924616424
7.0625,6.486745598688039,83.13519760247206,3.2895237753632145
7.072916666,6.584528037079631,66.63615525478447,3.236218908228282
7.083333333,6.171086234203428,92.96023023298955,3.1975570994787037
7.09375,5.024256538375321,105.2360526074665,2.873538318450132
7.104166666,5.280494855096428,98.78221495131355,3.6548443686363408
7.114583333,5.744348143254061,88.15301828653776,3.8010728403450433
7.125,4.626018080279087,79.55033667969415,2.873963129103455
7.135416666,5.5605419899454755,87.98343598499683,3.2153769763958384
7.145833333,4.850648814788136,69.38275108066185,3.5893847732442326
7.15625,4.6059394278443175,78.99203136391918,3.534880237285791
7.166666666,5.076370602433296,76.35893090360948,4.081675805863762
7.177083333,4.7916611958173565,78.85247634156063,3.8049170433891337
7.1875,4.22578179341008,91.55627430788508,4.742111613252628
7.197916666,5.010967631789475,69.2298535958068,4.490908763338371
7.208333333,3.6633143424316015,60.18857979368244,4.243041400669342
7.21875,4.590397746675391,63.47307682071093,4.521658801312074
7.229166666,4.537927768372199,47.54747452270877,4.567291399087331
7.239583333,3.9992485428670443,56.49957407950714,4.091861263370871
7.25,4.3299228638819205,58.594202150608176,4.063198678584973
7.260416666,3.3778551062523996,56.557649985114104,4.377430027689177
7.270833333,4.551613491060434,61.466379906189914,4.658128839072903
7.28125,3.8649147454993984,51.87497496935017,4.478504694729607
7.291666666,3.6217641552482176,67.96562109197984,3.9984214416923507
7.302083333,4.472506782276378,57.393670745705656,4.252353609591534
7.3125,3.445910045894386,56.71387067610227,4.485226455769263
7.322916666,3.0292300536207204,53.59700756940872,4.492455329005456
7.333333333,2.937469970710497,57.72141535659535,5.110998598267516
7.34375,4.160088695077,63.50394538396071,4.131115546322948
7.354166666,3.0963257303021066,48.73176533427156,4.701749849247469
7.364583333,4.829651465701687,50.76893740874411,4.990816257919549
7.375,2.699052251508167,54.20793237755589,5.166247195967211
7.385416666,4.9404853540569835,47.077637797283174,4.294992344183168
7.395833333,4.302383344566583,54.31488629900915,4.4112862704303835
7.40625,4.434836190995795,61.748465280197394,4.124151078275975
7.416666666,4.485954163046304,79.15740178368007,3.6547535278785426
7.427083333,5.3802483744735925,79.13717853325517,3.218165888178649
7.4375,5.511710752080413,84.31696327676909,3.018444025451269
7.447916666,6.586076541760698,96.14815411691438,1.831697453595988
7.458333333,6.474430016229378,94.70439287744277,2.575893562779622
7.46875,6.939793111557075,106.40703277259217,2.271738658254621
7.479166666,7.0621654220824315,108.82223276165266,2.061230042082501
7.489583333,7.53828883466249,118.95975988476097,2.6536769921089247
7.5,7.932227728099868,115.19726789567946,1.7729001949082295
7.510416666,6.917334670052531,101.1078050091236,1.7802965852702453
7.520833333,7.212314382435089,123.40390465286822,2.4205228527353655
7.53125,8.479469940228348,138.4615061277695,1.514333598245796
7.541666666,8.139397902658347,135.50512881102188,1.551352117157474
7.552083333,7.976680071747767,134.38344284587052,1.6202726084180985
7.5625,8.153830158683098,138.3832639343291,1.8619886000032857
7.572916666,8.366270449550889,129.66687470461883,1.6394575555264883
7.583333333,7.835075229338783,130.5288258408695,1.1799273922473275
7.59375,7.587314815362944,122.75661797927657,1.4203498141281996
7.604166666,7.9371957171584135,122.47773309628542,1.445592398359612
7.614583333,7.196018859171654,126.45132708566881,1.6189224599722594
7.625,7.932396588240683,132.20377741958055,1.7503504522812334
7.635416666,6.715189946293312,120.77494574180666,1.7688947492679694
7.645833333,8.202414771008945,116.36227956652287,1.1583974681778626
7.65625,7.734729824278462,119.46578445917525,2.083745202054066
7.666666666,7.367045353875625,120.54544605895235,1.9837619936699449
7.677083333,7.566110966891916,98.26797872858056,2.446814733264655
7.6875,7.79003703036702,88.13449689228517,2.2406569861781844
7.697916666,7.345111525056803,101.90058543074329,2.484101749515669
7.708333333,5.620091514554392,94.52684984153373,2.3425917326201833
7.71875,5.82337015726008,98.92457207950515,2.6720495035869725
7.729166666,6.054986803960278,99.69540504659106,2.509361227732155
7.739583333,6.316269986992723,95.05086182430459,2.403353563347216
7.75,6.503778791452559,110.11306267909443,3.1753218090050783
7.760416666,5.725116169967939,99.03667118371206,2.829080372860085
7.770833333,6.175916330881795,97.66636225712416,2.797006212402887
7.78125,5.661050703291892,99.41202851005208,2.2048863544209794
7.791666666,5.785978618609762,85.31106585937903,2.088493567931414
7.802083333,5.444493397480611,106.27876271998929,2.5016316122174955
7.8125,5.791146625303435,97.56161652429019,2.4305627741842106
7.822916666,5.527410663604079,105.07126956935024,2.2529020598368277
7.833333333,5.7060141539849845,88.52036763400497,2.557489011006395
7.84375,6.905529159402299,83.9796534191364,2.9535728649176307
7.854166666,5.866355655530862,107.13476063952426,2.616936647290402
7.864583333,7.987672414326919,104.6053403977595,2.035741282835811
7.875,6.815975484178915,94.56509442682045,2.3178940457230732
7.885416666,6.6065010393823975,95.23011563933208,2.1372548122228023
7.895833333,6.085815051120747,111.016742911672,2.1970214998284314
7.90625,7.070090055786522,93.70329712829712,2.04750186811436
7.916666666,6.463134895338505,120.73759765611584,1.963287652469879
7.927083333,6.905388590437461,99.48563330564261,1.710724921571352
7.9375,8.207002075015602,113.33631432850886,2.093957902014396
7.947916666,6.742039987373028,102.06745745988674,1.959106789826232
7.958333333,7.480631556315331,112.27588276551839,1.1714337517392397
7.96875,6.554522175407153,103.88329431206449,2.602237590730953
7.979166666,6.979184945219763,108.67992102712574,2.2977846914908238
7.989583333,7.96169876988256,110.62093828499732,1.8973134709219945
8.0,6.49271479698607,100.06887092400748,2.1007043597322146
8.010416666,7.762659785386873,113.01409297668059,1.8544054126539848
8.020833333,7.022649024140815,99.95680376357268,2.7985996881445523
8.03125,6.292610355003069,100.77097398610944,2.8559831045060107
8.041666666,6.982768581839188,95.1411753509236,2.282852980355987
8.052083333,7.268690232463026,82.38941508378807,2.5024602660041992
8.0625,7.1297777112494405,104.20478877667149,2.2033363077807926
8.072916666,5.76325012132128,127.82232936261029,1.8263970649263284
8.083333333,6.029954433484018,109.27983262,2.2889045787043543
8.09375,6.073764870598289,98.10311920280353,2.6087169214996857
8.104166666,5.968796460397596,92.50126237193322,2.5509764637402466
8.114583333,6.172107576118847,91.67028574060016,2.7281175548483207
8.125,5.737631789487447,93.44576683376884,2.9158019812035283
8.135416666,4.6581844618721755,74.2619575057358,3.0967560745476685
8.145833333,5.420871702629256,90.65393048188994,3.3174740940513363
8.15625,5.344289388334448,83.3681179074472,3.1657015629342555
8.166666666,5.120698061688603,79.87145306819025,3.4289050458122996
8.177083333,5.230868565354385,74.0384000722265,3.4040124724768246
8.1875,4.940117874307184,67.40419307321085,4.164485394259594
8.197916666,4.5891803187091185,70.77773979145086,3.3209647288952455
8.208333333,4.183961156993378,68.005355732785,4.350972037751963
8.21875,3.1965608762236735,58.149817749693675,4.467386435375097
8.229166666,4.308923430787376,54.859924285908065,3.998459943521912
8.239583333,4.127538310752608,59.78283902356289,3.3477687609252773
8.25,4.123983178923526,71.61321994414442,4.039856530899272
8.260416666,3.2111436629145427,46.66765158907961,4.145499979225417
8.270833333,3.2836659086299718,44.15704735272263,3.901895628887006
8.28125,4.452521982895068,57.607943495451934,4.092169388855614
8.291666666,3.7962772605404447,55.94335187795565,4.729503820422971
8.302083333,4.181560730591211,56.63820422889235,4.491037422473752
8.3125,3.7890469867552548,57.0025700920074,4.052808325847411
8.322916666,3.768566252757374,52.485480783981366,3.888763466998822
8.333333333,4.259644635421733,67.0446382700662,4.299457372903844
8.34375,3.4102882390944824,39.68149790795114,4.366666098914284
8.354166666,3.7548321783951453,46.2561300991207,4.590625255486378
8.364583333,3.4298961882842685,52.65045184419967,4.30060905523053
8.375,3.006891207110426,30.51424103139029,4.517228435223516
8.385416666,3.0234506089746698,42.47931202109755,4.65287776694515
8.395833333,3.658859368936856,63.74347182289446,3.977138685243743
8.40625,3.312094898386377,50.336768976041746,3.416345652234896
8.416666666,4.504653319163359,55.91141251825096,3.104055910451393
8.427083333,3.575661035770179,47.613184052657985,2.842406851436892
8.4375,4.3230913989551025,58.71781462940932,3.066117688657941
8.447916666,4.604583258928617,67.30674431693257,2.2872535194211823
8.458333333,6.106130369351834,74.68382060498837,2.2721232054913174
8.46875,5.826921251834348,95.5660229921314,2.09370063553043
8.479166666,6.7202693805061475,95.916532391857,1.7751907196235361
8.489583333,5.682352969312561,87.65532929448442,1.3855431060860246
8.5,7.01718021222632,105.21266581226298,1.7817003109757645
8.510416666,7.526717573454248,111.10966468227346,1.5907540202289279
8.520833333,7.194101922194825,119.1562953172962,1.702330576321283
8.53125,7.8220980125888016,124.5445894830935,1.3544065422705716
8.541666666,6.961930569431622,102.829095529557,1.848400869334069
8.552083333,8.07011873717814,105.11762311150154,1.2093908565013005
8.5625,8.510926959440729,100.64411592573555,1.9771909224890691
8.572916666,7.049734603161352,110.07533399951254,0.948718275220448
8.583333333,6.963584944087019,115.88759991430341,1.6014100710861259
8.59375,8.001421267346283,119.95689441025215,1.6259009300354783
8.604166666,7.992949008091124,109.56002436062438,1.2686856703036038
8.614583333,6.716274943412773,106.13452272033042,1.6583617309862075
8.625,6.691753879137942,108.9147863974583,1.9450112519939964
8.635416666,6.661038604267361,98.59947258930168,0.9479672378123575
8.645833333,5.972879459254775,122.69950570246705,1.8038109711730743
8.65625,6.099140385706275,88.58495950069974,0.9651666651713516
8.666666666,5.939230679783486,102.40861526428125,1.4736377101132618
8.677083333,5.953527793229812,116.49987107531933,2.3020357284049986
8.6875,6.2337805542522835,96.65800641216188,1.708968986852877
8.697916666,6.253258068388644,92.70375114847029,1.6002518150787948
8.708333333,6.862796570996524,88.92631955147154,1.958008809846953
8.71875,5.284542634403575,88.2444517587294,2.704068812917005
8.729166666,6.285441778001766,99.68327498616726,1.6273954601479108
8.739583333,5.521938444154787,66.88481305572645,1.9415836921367429
8.75,5.641845509852244,99.70071629002683,2.7408618712004698
8.760416666,6.005064473121748,73.27770206203752,2.8630352109621793
8.770833333,5.009774868307022,83.69781924932943,2.282607714504208
8.78125,5.838570408219742,82.00513210903607,1.9473459921957328
8.791666666,5.662823666573702,90.13622691653988,2.954359952096081
8.802083333,5.72279623241224,69.08720577774646,2.8498321100622173
8.8125,5.559848760590254,86.15502566604495,2.641219123973006
8.822916666,6.8447746313086775,100.39390843194218,2.2291420176945325
8.833333333,5.134012629974052,71.49683282664432,2.427270399253278
8.84375,5.2513952047799854,86.05347032107657,2.3420699663404134
8.854166666,5.334619811179703,80.56281745962828,2.418094652348499
8.864583333,5.347802348668358,90.23824526594642,2.697115116810656
8.875,5.253116262828206,86.03813208371486,2.5127514890718152
8.885416666,6.335385493450366,80.78107067295804,1.9173079225251517
8.895833333,6.654973350257418,92.97503906757946,2.576249317091852
8.90625,5.559182821031357,105.61213060774394,2.1789737337946167
8.916666666,5.5088057652192575,89.75426512745506,2.2341793370089476
8.927083333,6.348102313060776,99.25744248344147,2.420707522836275
8.9375,5.736933563474711,81.65425664006496,1.628837017677256
8.947916666,6.634753452196952,87.27436845808329,1.9027811077468457
8.958333333,6.4607055012476735,101.30028076861524,1.7033174747016462
8.96875,5.575617048943796,111.72125255243718,1.359688563169834
8.979166666,7.374321413806353,102.93699586353483,1.9082771733027077
8.989583333,7.539433479746278,97.63389614948892,2.5449145935530613
9.0,6.102532678030798,99.56966654094569,1.264995861567031
9.010416666,6.193574788924599,88.00292051999111,1.827562953106578
9.020833333,6.386337898752591,101.11935883773673,2.0677706697132083
9.03125,6.337750497261573,102.33037384802877,1.9646276774045441
9.041666666,6.4016633733995,88.68101814949428,1.9456235301680866
9.052083333,7.0403835256296485,86.4122487001219,1.641613814267616
9.0625,5.674599908027614,90.77181551949585,2.137734323073151
9.072916666,5.188870393383747,82.40699830954985,1.8745622963479969
9.083333333,4.762957249294768,84.16467521643433,1.4771064457333032
9.09375,5.0036589459052685,100.83829131933166,2.5185418043755754
9.104166666,5.269862058362889,78.09119016455506,2.4970124406977905
9.114583333,6.152972870751409,74.5076717320409,2.3031046212146995
9.125,4.689793047750732,69.36089287942755,2.4648531886600096
9.135416666,4.949532015915828,78.64481675717703,2.8524674958110063
9.145833333,4.6490259219688035,67.61610861591686,2.7660774901341583
9.15625,5.168184302911874,60.55104201117512,3.1602406364895343
9.166666666,5.799668289934686,75.4448377909977,2.995333062901571
9.177083333,3.9090505637646222,73.52770120697954,3.6546416969985667
9.1875,3.819256970557288,53.862155896858674,3.5144902273352683
9.197916666,4.599355917472866,41.19133497206502,3.5911053841642695
9.208333333,4.27708507509418,64.25545726130282,3.2580604374668276
9.21875,4.882887271894656,48.51896430243051,3.7994678403058098
9.229166666,4.096037240538117,60.19991368409202,3.525862687777218
9.239583333,3.50681634963802,35.18797652672221,3.6394631119438756
9.25,3.9790860077118295,59.05831088185812,3.6589320960352354
9.260416666,4.231684770415589,39.98105429279975,3.662433564676181
9.270833333,4.003948681708281,55.81379675212366,4.690992756993779
9.28125,3.7849069993070685,48.84063584858246,4.526292480463224
9.291666666,4.050577818007319,39.46944025788214,4.76310457417868
9.302083333,4.071072113152792,43.589966775369405,3.8812744248329256
9.3125,4.159592285240661,52.58349529792142,4.30574037415678
9.322916666,3.7189333308498598,47.11086819859209,3.9262966344541392
9.333333333,3.23082258270162,50.88545013160017,4.122914771438293
9.34375,3.3905988522829404,62.75111719399817,4.074340918424669
9.354166666,3.9913691044504196,31.841985571046184,4.7223163612872066
9.364583333,2.837774106518112,59.58354367959212,4.230705025749492
9.375,3.5590180871235066,47.18859075033431,4.615685399327829
9.385416666,3.1416801542700408,38.806295763854386,4.395030756965193
9.395833333,3.4936305019178366,36.7688680775034,4.720054006882181
9.40625,4.326632435071041,48.63153159072212,3.277942687070515
9.416666666,3.881998061154244,61.424506142060636,3.750779711815114
9.427083333,4.059799482538473,56.4229694479721,3.4111723862246732
9.4375,3.5240332840272512,74.9006114771626,2.5020068211640045
9.447916666,5.054689832769672,54.13570058833342,2.844907674383121
9.458333333,5.355944426107429,72.46624045622683,2.441991410840882
9.46875,6.607172658087631,67.89461526501643,2.1072676020165253
9.479166666,5.584722367901736,88.23017797384745,1.7871460365973053
9.489583333,6.169442160862857,98.48172762037639,1.7090871878635423
9.5,6.449650558198856,91.85181745334135,2.4448478263031324
9.510416666,7.40579331150643,76.33176228660132,1.7579030913637703
9.520833333,6.589902949093704,103.51683309390233,1.9282762877969484
9.53125,6.92689936862789,107.83309264893921,1.416219793583737
9.541666666,7.111329211841802,108.31573476588387,1.3993645720051047
9.552083333,7.031966142032797,117.44542615303429,1.9323251177813414
9.5625,6.672910731309213,97.56994008512181,1.1921850436099857
9.572916666,7.097028417440881,114.26212244868525,1.467388798683084
9.583333333,7.615788045601704,119.26997694044252,1.6099227227105106
9.59375,6.33521348369432,92.41149962924466,1.6556738996246674
9.604166666,6.882114575928331,109.16005986912526,1.6074909390053496
9.614583333,6.469033810522307,101.82500220702525,1.7958820400846833
9.625,7.390035532241103,103.40266418203713,1.9004865364638988
9.635416666,5.833709129569704,107.20803192518451,1.9535542103583854
9.645833333,6.354694984140897,99.23647665496343,1.4867229944030467
9.65625,6.69286648783874,94.94053454530717,1.7579182321990972
9.666666666,7.258823671972961,99.35493545553834,2.2795492432531637
9.677083333,6.2227872558397905,87.42544619212896,2.2652516938938874
9.6875,5.786289133209799,84.72443234718398,1.6571748030433044
9.697916666,7.070445403652547,98.38159801305291,2.224572706274006
9.708333333,5.056403634393815,80.33804278173318,1.5818283674385762
9.71875,4.523962599552511,94.41293320051324,2.2429218940097075
9.729166666,5.9125745670529275,90.75794714779154,2.8670982413266106
9.739583333,5.281311150277313,69.93990667302097,2.1031131647719605
9.75,4.8846678458923005,77.31437718611987,2.2141453715770645
9.760416666,5.784588643242968,92.25533902974443,2.7549742211430504
9.770833333,5.445283194316747,71.96161170261398,2.1191525688622788
9.78125,5.011440907938167,76.3693889740206,2.378815956996713
9.791666666,4.561632010535144,83.84364257904267,2.696835266086878
9.802083333,5.826228303284371,87.447476738545,2.295815069276848
9.8125,5.7385512447199085,79.0064914228409,2.4031909026411573
9.822916666,5.255673612128814,75.4998861712356,2.7296181475264225
9.833333333,6.415299072008164,93.89365445152343,2.664555564031777
9.84375,4.799270922879299,96.85744634624001,2.596144363153473
9.854166666,4.540649398989218,90.52879814613426,2.369439715577883
9.864583333,5.102407449297575,84.19035543821244,2.524995336763871
9.875,5.4899556980092425,76.90063093392209,2.3284854784341684
9.885416666,5.626084725031154,76.62008614837565,2.481252937526678
9.895833333,5.518378447824473,90.15238538483422,2.1354458447647913
9.90625,5.824577568012566,89.14580231789346,2.15136445460275
9.916666666,5.029837345899496,99.838432624469,1.8617670111164255
9.927083333,6.607689994305181,94.17969757223923,2.115529451020961
9.9375,5.641981121423928,74.35301974600344,1.891447265497594
9.947916666,6.521569344803893,98.74897639180449,1.7753639691955603
9.958333333,5.988873061167656,79.78563443300683,2.143113457917098
9.96875,6.190803061862447,87.29842348548998,2.0981004861824744
9.979166666,6.260996842526152,93.21236343591974,2.2539473443217557
9.989583333,6.1718650930141825,108.5062382288471,1.9096866239653705
10.0,6.224451834551781,117.44602074420722,2.2020253652738466
10.01041666,6.556181905289979,94.55151546288542,2.2993338785303323
10.02083333,5.838929308124799,86.33253394574045,2.322063797182332
10.03125,6.1599986863387795,92.50687844829486,1.9567634986032254
10.04166666,5.640100626285949,94.70954484755562,2.232170372862907
10.05208333,6.582123346038969,85.1670029234006,2.2697135105456345
10.0625,5.392043117936779,103.84077724226857,2.1260191376242217
10.07291666,6.613506570062736,87.92553473797588,1.516373956868767
10.08333333,5.536446783541809,89.64113526166864,2.2300508742457317
10.09375,4.5909112950738376,88.27919929071716,2.8972532207355917
10.10416666,5.322601210712793,83.47603366893308,2.207614395937142
10.11458333,4.720696762113006,84.60964021324821,2.1875681835875183
10.125,5.395658641638885,68.54558461543077,2.632154661945544
10.13541666,4.405540812855827,66.47738186118505,2.7507963713808383
10.14583333,4.342308464583907,58.48975794569519,3.1738365891142672
10.15625,3.364100175844241,69.03901847027804,2.6283463691356213
10.16666666,4.013641561924601,68.95261807490246,3.4100285524531624
10.17708333,2.738737089425003,63.29701880866883,3.553819709351177
10.1875,3.1069545189534313,71.96945495929339,3.4830140944969554
10.19791666,4.289748890509454,54.60653043217468,3.7510292449144043
10.20833333,4.212231908713607,58.86169602446026,4.062381254958049
10.21875,3.910268852520215,41.75177535380719,4.098481492922368
10.22916666,3.0430930390578315,46.564027078727186,3.565087623481388
10.23958333,3.489253831384629,54.695949634966,4.210417119862218
10.25,3.464519539891977,55.19014231483487,4.00517120006457
10.26041666,2.761642882245564,44.411555319905574,4.098215241413528
10.27083333,4.2134085146579565,45.329414542654355,4.16122176370861
10.28125,3.825829133486831,32.163956730353206,4.159878167766149
10.29166666,3.1712648104931156,41.78460563660693,4.612933215779221
10.30208333,3.2818895134564414,52.188475257774236,4.276512340866365
10.3125,3.347714312711087,48.8080276677769,4.012813341174686
10.32291666,2.0551560290017274,47.930065298984076,4.267749050933179
10.33333333,3.0488315545990123,43.567763314774965,4.469701682599467
10.34375,2.77773924301901,42.78908727277149,4.808641642546975
10.35416666,2.598752773671257,37.04873171121977,4.628850853491127
10.36458333,2.9834245487143147,48.524901236695285,4.198821404949236
10.375,4.161586343032156,46.10164429592843,5.192391675260229
10.38541666,3.633431227877183,49.07011952508233,4.5494870401600975
10.39583333,3.2510114471590295,45.13305994631474,4.842579497076789
10.40625,4.020684221882463,32.95278402270873,4.286250157238444
10.41666666,4.782241393472517,66.41342665664808,4.213681628306931
10.42708333,4.913968868909979,59.15063821395986,3.9771505195275694
10.4375,4.698960298779722,59.916009571800124,3.7128768214002967
10.44791666,4.6541220890031605,78.79489751209579,3.2644794854608037
10.45833333,5.854739883325227,76.46385325407472,2.911781653451359
10.46875,6.1687280911339695,97.22046552128482,2.377884983935942
10.47916666,6.919775323682242,100.9649516840469,2.1789066995211472
10.48958333,7.212692254317231,108.85928384936268,2.347084856555522
10.5,7.867642994738057,98.26047579016937,2.4340239809214625
10.51041666,7.344772591316599,129.1527778917673,2.016220674304219
10.52083333,8.659691857301983,125.93378063108264,2.3338066576485628
10.53125,8.138816947127209,122.71702604658289,2.3868302312122722
10.54166666,9.285822491224991,128.83671039472816,1.6228077143430575
10.55208333,7.775525875167662,113.33575617720585,1.5920610558692634
10.5625,9.191575513188102,134.04223291310979,1.7608567378061952
10.57291666,8.305806832817177,120.13465067993928,1.8576588260624602
10.58333333,7.797346152599654,117.32895988635211,1.5778698799566244
10.59375,7.928927894595838,116.92653694786085,2.117560532736074
10.60416666,8.002855054343176,140.12431169631998,1.8419878149020632
10.61458333,8.360368150487647,123.90661603276902,1.7413650232816593
10.625,8.32129001383332,141.09535052749297,1.321661812061424
10.63541666,7.6085752240512585,121.72521082999539,1.3831303085894404
10.64583333,7.827645236527992,109.75341885850021,1.8898146440557115
10.65625,8.958901954814378,113.46445728769706,1.2126407989748054
10.66666666,8.625584436342644,132.458047103454,2.198501174985539
10.67708333,7.768881613010663,118.32919023408917,1.9085289847683586
10.6875,7.416760681698966,112.98731165154418,2.986268349125642
10.69791666,7.3259679641819675,116.91234526259021,2.7834149816868456
10.70833333,7.45885612673674,117.4497945747328,2.120662893472932
10.71875,6.382697298770111,120.28774489762228,2.2174754284616554
10.72916666,6.673648733702553,120.66199338171863,2.6149624941509257
10.73958333,5.733597857123005,102.08858537789045,2.878139747405939
10.75,6.777003620318329,90.17372480899647,1.8675899855486258
10.76041666,6.885811794860276,98.0096673321612,1.7836420769334518
10.77083333,6.32398149719767,105.03001970360042,2.1226867624599235
10.78125,7.509635100821067,95.04078322775219,2.495577307022076
10.79166666,5.9268568298791635,95.76251513432999,2.518376104644602
10.80208333,5.75196306194854,107.37197618068592,2.7823896085517417
10.8125,6.5897667351656946,101.4828060024313,2.2058242574814475
10.82291666,6.892045899053655,97.95086557873604,1.8683653186550384
10.83333333,7.218977471999058,90.03322210577761,2.717612525205285
10.84375,6.124634609439775,96.8360437194862,2.1384201142329142
10.85416666,7.104083128269791,91.95280263896262,1.7203499089610466
10.86458333,6.566731080355796,110.91665886158063,2.341155524924393
10.875,6.5844537649375106,114.76715452618639,2.5825658953583943
10.88541666,7.132003550800352,87.79875155679787,2.343810221783612
10.89583333,6.904291747778343,91.99993458250076,2.1472012066935777
10.90625,5.731174817753817,89.7151866083336,2.1083678837581386
10.91666666,7.671711449063016,100.87328714780014,1.9853112657223595
10.92708333,7.695405404162057,106.92418825878534,1.6583160797945053
10.9375,6.630085772290331,97.46673481319974,1.8399914996901896
10.94791666,7.242074284129568,100.18471228187568,2.171755754187793
10.95833333,7.332495977906074,100.68809763377936,2.047957631819347
10.96875,7.393675254034408,115.05206542936409,1.9658841261960005
10.97916666,7.036009440722517,115.87519477684062,1.6069829148877326
10.98958333,7.020088823884888,110.18349067340718,1.850373946069037
11.0,7.415239463561526,119.55333674900439,1.2826250835336754
11.01041666,8.06783664636408,112.6846948727359,2.0245522910352567
11.02083333,7.332535343919154,108.62288819831701,2.456870975536257
11.03125,6.72720133312145,124.142256413786,1.675064473124541
11.04166666,7.278098774628874,119.6198912281472,2.025467023595263
11.05208333,5.104274039320803,94.66411442902833,2.3863525826069187
11.0625,7.323677129326217,112.75869332657788,2.748911348562492
11.07291666,5.505223051647952,109.60310132034762,2.3241667387288136
11.08333333,6.113973778825732,89.60977186716065,2.3259647552218428
11.09375,5.527649573663021,103.95752925602838,2.0030397224306067
11.10416666,5.2905900951359905,107.84835820647851,2.656223445251573
11.11458333,6.530971991702514,82.22347891851835,3.2977402939145883
11.125,5.423887052070811,80.91752191548304,2.893967397010477
11.13541666,5.691694733441381,94.40091088808036,2.960671558292654
11.14583333,5.274128362954226,84.41502048761842,3.231717578512872
11.15625,5.381760373065436,83.45355737891984,3.303257496716776
11.16666666,4.990820638336704,78.47379854730033,3.2029302818127667
11.17708333,4.070243865713326,76.30859854894497,3.8062142424797556
11.1875,5.242260780347669,58.9764727773329,3.7323049720431203
11.19791666,4.307207936862859,77.9247571593692,3.7343134353735192
11.20833333,3.6176406393317837,77.63889561733284,3.502837480245563
11.21875,4.211984970645403,64.35910017144978,4.237728240609608
11.22916666,5.259462951333823,65.16830883062764,4.089623618089011
11.23958333,4.855092635181276,51.61042636622301,3.7664144257312424
11.25,4.136200646345721,68.92380007658082,4.2893119804295905
11.26041666,4.073110786586123,68.30755974785305,3.906490585173849
11.27083333,4.022158314565678,61.675718695026276,3.882678408079806
11.28125,5.322646134088598,70.91210891558818,3.93702568819278
11.29166666,4.305547341368463,57.23768401210045,3.67745481755812
11.30208333,4.288204828091186,64.26812686794092,4.378092093382202
11.3125,4.59557375011187,49.81128904773435,3.71996449918079
11.32291666,4.127162443408547,58.160382830076266,3.9165354205643177
11.33333333,3.834497806829435,56.713294522507354,3.6836044500363307
11.34375,3.8622466144788223,60.094060221182225,4.301159341246045
11.35416666,3.9386352315045596,54.90266201249911,4.29983711932077
11.36458333,3.9666654048622445,57.18470695235106,4.254156930429307
11.375,4.446144663007063,65.94075843625853,3.99913530730149
11.38541666,4.154446061341909,56.82208800669401,3.9010248976167103
11.39583333,4.738657378042871,49.29492106721025,4.264285750547946
11.40625,4.575435991525828,83.08534532499307,3.703471447786663
11.41666666,4.958260512563977,85.30819806405539,3.658389500013073
11.42708333,4.10664892657628,67.02300701213079,2.9986641811525634
11.4375,6.118798189651725,89.98020306626775,2.9934599380412292
11.44791666,6.196349917513459,85.53037160288585,3.0401206721620255
11.45833333,6.987968495719567,99.17625042108504,2.621154376025893
11.46875,5.1912842240831045,106.26112582747048,2.1895754766530513
11.47916666,8.406231650908186,108.07165431523255,2.289696431854841
11.48958333,7.415960828200424,109.63511207161055,2.0710954994609834
11.5,8.292953720559,113.77005331474781,2.086031957619936
11.51041666,7.191732461897019,113.71802041199294,1.9267872312997159
11.52083333,8.208868001040178,116.34745470398946,1.9153838320228271
11.53125,7.335477680123655,124.33781357121681,1.970360896901912
11.54166666,7.557769124839047,119.71099869100263,1.5737728532393835
11.55208333,9.039968609075627,130.7185426215718,1.5232890682076103
11.5625,7.902762799633902,139.24012165987304,1.3662396437348676
11.57291666,8.152140658454867,122.2447559624592,1.2731964455540967
11.58333333,8.492398849531272,129.19522066425782,1.377568494267755
11.59375,8.166397783463971,130.58878082324017,1.8065849992608156
11.60416666,7.772038179251852,127.35567110673038,1.5486073958254853
11.61458333,7.859907849595455,120.65768836022083,1.9885609238724336
11.625,8.9898159200085,127.25521426519943,1.831927289275985
11.63541666,7.529638048213063,124.53167604836648,1.2589578433392963
11.64583333,7.61302406718778,107.87189443181255,2.080028460461159
11.65625,7.946135656998154,125.21472032865354,2.2087096291770423
11.66666666,7.761943314088248,121.56643906350462,1.813691314613708
11.67708333,7.625821363621337,103.25442856886957,2.357342839513554
11.6875,7.154111995540646,107.59165993850993,2.0478956161110915
11.69791666,6.067848307958071,111.76100013988771,2.374677323936511
11.70833333,7.547389568257293,102.50313087042343,2.0100006530835364
11.71875,5.859719987134356,111.93299569013644,1.9110001872071636
11.72916666,6.550256590377018,120.92956163572046,2.400694934715889
11.73958333,5.849966762167254,91.57264690285301,2.5447801441437283
11.75,6.156987363518716,84.89369548232952,2.5214469308241116
11.76041666,6.3125124447149625,98.43842730518318,2.3441817740347344
11.77083333,6.246231796489308,101.02111199233853,2.6315930069898954
11.78125,6.329360739159245,91.93766756254725,2.79344440252253
11.79166666,7.046124177541591,107.86248307084198,2.600629878805007
11.80208333,6.480404944198632,85.17102798492279,2.615525698681301
11.8125,6.151409760933977,103.90579909945676,2.3349035136024443
11.82291666,6.813042917852767,93.32816065354352,2.9247536172410817
11.83333333,6.922986161962906,112.63612383906423,2.2989109751582903
11.84375,5.604088069971299,114.96453914816689,2.764554405837559
11.85416666,6.718982474953843,92.95323321342526,2.9080219456570733
11.86458333,6.852864061884728,96.02506932415677,2.6667922655471044
11.875,6.323976856527225,109.35136268359169,2.441967839683718
11.88541666,7.2368497135625764,98.6669517220819,2.3698047680517202
11.89583333,6.4679890310655015,100.76170638125885,2.7757538941711823
11.90625,6.704531192118419,103.90899475116575,1.9123395045752887
11.91666666,6.631414825425637,88.87847691959837,1.9819570546763168
11.92708333,6.7793913365881595,106.39088768845086,2.128977370140558
11.9375,6.062131377494467,100.5844274927379,2.6619493570955024
11.94791666,5.924178968931124,100.13283350212646,2.402570188766884
11.95833333,7.685647385721076,119.0661750016493,1.9242648629135684
11.96875,6.399379812061928,96.80151212010057,2.0714606069492025
11.97916666,6.355547998080359,116.15984806473132,1.9630255796549048
11.98958333,5.650390755744021,106.6119097547114,1.9697552079564087
12.0,5.88176688858616,94.90382218406533,2.564252483502507
12.01041666,5.397553036480397,102.42015692032021,1.9902402352936581
12.02083333,6.99272418150785,97.20114483744531,3.016952914063587
12.03125,6.561771764673106,98.19337932669035,2.935875331265782
12.04166666,5.491283350172271,99.97185541443412,3.1517320718779547
12.05208333,7.0815331503017225,87.49061270480277,2.8101908446274
12.0625,6.282116652505634,83.8759035232786,3.0037991284220484
12.07291666,5.356845260938658,76.43103869775318,2.7007027822850285
12.08333333,3.9795829593274457,76.20787803728686,3.0307569882819463
12.09375,6.575420902375843,106.90657756534577,3.370460736029516
12.10416666,4.373637742821775,90.01279564165101,3.628619067270093
12.11458333,4.1278826821440315,65.72090206109176,2.954161135189443
12.125,5.531893645225509,64.0831707282368,3.250599982446279
12.13541666,6.2164026046895895,77.71984030509195,3.4103686938870434
12.14583333,5.491978768688425,76.03709286852866,3.143240453770905
12.15625,4.911074066825195,73.98665158761234,3.8387977639078095
12.16666666,4.8132456381481425,64.74633640713526,3.536696843827146
12.17708333,4.85909575078712,64.07314135451634,3.775963964173615
12.1875,4.733681430201041,66.68125622741607,3.77738901999939
12.19791666,4.381487996842745,62.95483861624645,3.733890459201488
12.20833333,4.224370030572105,41.910696491401076,4.024695956680357
12.21875,4.086581889534724,58.36236562242614,4.01562675061626
12.22916666,3.6538505120995386,52.22129157365531,4.011618020897347
12.23958333,3.8880949808369034,60.58974704387811,3.9440176069269874
12.25,3.0750809349011847,85.04327263369404,4.304585851802491
12.26041666,3.9560194450220765,61.793722209689264,4.748924237003336
12.27083333,3.414903544442432,55.29084076452508,4.345167370987119
12.28125,3.3135410345797047,65.43989797659492,4.637003574198032
12.29166666,4.02045505701537,61.29340039211062,3.9610251041798796
12.30208333,4.693251862058357,60.50701276655813,4.449663728562113
12.3125,4.398192806932866,61.65403400131298,4.100168385839834
12.32291666,2.9655170217195126,73.95182855932177,4.005313177390334
12.33333333,3.2838354673045784,45.937507466486366,4.242971596122819
12.34375,4.370890273177931,59.804822067313765,4.839172486440664
12.35416666,3.283806853269701,47.624505325526776,4.783346609094834
12.36458333,3.7065940379736664,60.44386699846022,4.582489110583119
12.375,4.1332069192449215,47.04511281581174,4.0341570032173575
12.38541666,3.312525434097838,52.32821563030271,4.403603350427865
12.39583333,4.048984181095835,55.37100292974946,4.48326988663977
12.40625,3.3763339147501013,68.71550733025386,4.299316481860284
12.41666666,3.9618007978490937,71.44162984540047,3.5156790598607928
12.42708333,4.680661093179521,55.7572438874417,3.587687659281254
12.4375,3.785787935935123,70.45362433854297,3.5632465657862444
12.44791666,5.1738077767850035,67.62863432039332,3.4356451752362833
12.45833333,5.15482460709805,67.10662853046054,2.3452923853569256
12.46875,5.709116385787516,80.24341146047402,2.7435992307212884
12.47916666,5.7321912163025015,83.20074604960449,2.6927132233783273
12.48958333,6.570390117329265,111.32625720135962,2.8251826352811027
12.5,5.998403664713125,96.51899734739581,2.7440690001208403
12.51041666,5.717863528043906,81.26498777946966,2.6929044278245104
12.52083333,6.058061838629887,89.06453928440091,2.274835393170528
12.53125,6.308207273743303,103.09693319516163,1.949705399147732
12.54166666,6.038575213834913,113.27947317895747,2.4351806267045752
12.55208333,5.993962639759528,79.53067029262634,2.889199410637697
12.5625,5.5364691025235055,76.51711329259555,3.034517107249723
12.57291666,5.612425086686539,110.45140600265545,2.8850177805194095
12.58333333,5.175895218645301,97.38124174056856,2.887482398716762
12.59375,6.9277595800561365,86.29450176458928,2.9990545520830767
12.60416666,5.151371595816029,97.51256409032753,2.8862857950960303
12.61458333,5.351579179907843,66.47206182078128,3.0838596509401865
12.625,5.290350079061239,89.3067211397974,3.6079169614648157
12.63541666,6.219893037921253,92.45480525114979,2.8711928931237205
12.64583333,5.490709693341068,96.46738367584193,3.6817431947064
12.65625,6.323665337932396,79.5869914388485,3.1924124750118583
12.66666666,5.151293368572856,87.83420281681963,3.805397219661122
12.67708333,5.594331775674582,76.92088038284362,3.065042539441337
12.6875,4.878275059110518,85.78756745554065,3.678379843174915
12.69791666,6.514694359649004,74.58377539522598,3.289310952514402
12.70833333,4.570553255723977,77.96843539294214,3.0938704528343735
12.71875,5.366488505038034,71.90984500205826,3.600367501802883
12.72916666,5.493342795507623,85.29486910211361,3.866526149658221
12.73958333,5.325958621590144,86.30296357333907,3.346146459657907
12.75,4.995299587660353,77.03533059757711,3.1803402546202393
12.76041666,5.019423990847317,79.34121951196332,3.6290455417131113
12.77083333,5.120144571676519,66.46438626702823,3.6606633384933605
12.78125,4.981909641362443,75.2262858499333,3.817643766212795
12.79166666,5.600372126712952,77.37944809274649,3.8679402156325855
12.80208333,6.312016889332647,100.62545843179274,3.5290180544804435
12.8125,4.729393641855887,67.70042560897153,4.075315719299475
12.82291666,4.318521801733537,91.79743814351116,3.6256256120230215
12.83333333,5.061549847853174,87.77710799341435,3.509138313812883
12.84375,6.577598223143914,81.06368484307968,3.108590558557981
12.85416666,4.730656325266111,95.70927510285564,3.4631524656586454
12.86458333,6.142766659603611,83.85836273240322,3.416399922784717
12.875,6.143532609002915,83.75526973220451,3.783967696358846
12.88541666,4.889540014308318,80.62655944148706,3.6570492222853073
12.89583333,5.568363894583614,91.36631194183641,3.1078284783714683
12.90625,6.206280644008566,91.51190306444481,3.380701429473945
12.91666666,5.160213084492674,78.11518151674409,3.462151204468136
12.92708333,5.296474748797479,72.86910675112665,3.6929101530546005
12.9375,5.073442471322948,83.3870951302627,3.5589381599939367
12.94791666,4.833798843340453,76.79535132888506,3.517234616750118
12.95833333,5.072124885667817,84.5689298914426,3.2258233411545585
12.96875,4.832833629122923,97.05199584160404,3.276437398246844
12.97916666,5.575554954820793,83.1042873458365,3.52068536320511
12.98958333,5.121293939698527,87.24263979086943,2.807926509905492
13.0,5.635093623942126,87.3703937057658,3.209771430307934
13.01041666,4.556701872146206,93.07496103956007,3.198384137342469
13.02083333,5.4055541913587275,61.59063003294777,3.623523162830162
13.03125,5.698503825912907,75.41618593776077,3.8724340034747007
13.04166666,4.098893794389975,83.0647669167956,3.2878425960256368
13.05208333,5.494014633626016,92.27567394662054,2.723811917016617
13.0625,6.0146820259586535,78.12532404051949,3.2712071485668193
13.07291666,4.552697351260539,65.85003299098426,3.7325752855373047
13.08333333,6.0531496639684095,85.00842978200717,3.755706918808117
13.09375,5.224973518900251,71.88261330716404,3.806638095932063
13.10416666,4.483723317978696,65.20635416453283,3.6432192706833337
13.11458333,4.755589045331358,68.3971542424747,3.3862436741741218
13.125,5.012048600254216,70.75297244199571,3.9849006758907186
13.13541666,4.627754700851536,64.98096503220641,3.6613852537636236
13.14583333,4.7830730848170235,49.0950633463471,4.640807507422719
13.15625,3.8498566705500146,74.23948693659213,4.2460971681119775
13.16666666,4.369509832160938,75.71689393402492,3.9866764836848456
13.17708333,3.3752068771740102,68.5089897252127,4.058013311020138
13.1875,4.038261117010897,51.345903600557435,4.268129829143159
13.19791666,3.5160845491599906,58.30130658095897,4.276197657790189
13.20833333,3.5574347125352554,58.91808059680443,4.72437787276162
13.21875,4.632259584846975,63.35435708538878,4.484821571911539
13.22916666,4.510914087642128,63.23580384648606,4.239012353858907
13.23958333,4.207846509590901,50.46781825895886,5.043298646383559
13.25,3.2207212435436103,57.165163317307055,4.5148010235591425
13.26041666,3.6438567943577524,60.137202282994956,4.7414415804790675
13.27083333,4.491372518478203,68.59093820506075,4.355364864389481
13.28125,3.8597526137707923,61.59153713045971,4.668897160800012
13.29166666,5.076627435470115,61.96494887432806,4.670775536335762
13.30208333,3.9699649736940907,55.604506678059344,4.028121470152456
13.3125,3.843409545385021,67.05737078765776,5.208652169157811
13.32291666,3.54683143617401,58.072755634889326,5.013827043767241
13.33333333,3.7839457950704762,46.7462997440489,4.531429137529711
13.34375,3.607871780261438,66.31702258035591,4.341142248934835
13.35416666,4.094093993270283,60.04443090149376,4.778797380071302
13.36458333,4.230362516825977,50.11590306707307,4.710326741244734
13.375,3.2434239460398193,49.849986294941,4.802517920301326
13.38541666,2.960073233398109,56.89453934971514,4.740144655862302
13.39583333,2.7625578927299146,59.505694589247994,4.737549625985175
13.40625,4.238956898869426,59.9038912938603,4.857577103314566
13.41666666,3.511872653170429,64.08879366113578,4.4175797152263305
13.42708333,3.1205878545410695,79.51535173364277,3.709356594980368
13.4375,4.755651646442822,77.31273994007049,4.12786396053738
13.44791666,6.193933476976946,73.60930663089607,3.872280818383213
13.45833333,5.025787975265066,84.58134987994151,4.01982534834743
13.46875,5.7463505902878325,71.59725582768849,2.5315597860504617
13.47916666,5.529138266038829,87.81114125440163,2.788733195758617
13.48958333,5.617531778651269,103.52571822155038,1.9955309646558508
13.5,6.35833231855559,88.8317441039916,2.710096359727498
13.51041666,5.757862499503954,85.68636743608026,2.351057113181408
13.52083333,6.1023312433416725,88.06819796589147,3.080401334321139
13.53125,6.137811481076129,84.42838361652164,2.289002246924861
13.54166666,5.5704182500875845,87.05475496420704,2.040397148194939
13.55208333,6.500461964673808,90.51212028869135,2.4404629467633896
13.5625,5.799651218576962,81.12174617334341,2.059767797096407
13.57291666,5.448409134821208,92.7014144297669,2.9426121128207354
13.58333333,6.159507149619887,100.28241219283146,2.170317987260655
13.59375,5.331713533961318,84.32123481716654,2.870007562128616
13.60416666,5.807937194099821,104.8184987919563,2.336431045422634
13.61458333,5.726196350310612,94.97293966794024,2.9523711206276646
13.625,6.290590349779902,98.47884420549232,3.6120559048320735
13.63541666,5.884953583147623,82.78948379307148,3.295825276082257
13.64583333,5.546850097957186,94.97252660502119,2.987913653118775
13.65625,5.969757690970818,77.09011244401333,3.2857570614300218
13.66666666,6.2363885676252355,93.39774148983012,3.3506990592443904
13.67708333,5.701926143342754,86.0750561482734,3.5310412453608246
13.6875,5.3238829642217365,88.29920832558496,3.029446967217487
13.69791666,4.503072238781168,71.98047921237766,3.6565141061085886
13.70833333,4.572979261574825,73.2145224065004,2.7170609028548967
13.71875,4.937385057289326,85.05004579973442,3.3686314305167864
13.72916666,4.702872847951875,70.44013970736256,3.442536071307955
13.73958333,4.8972416372039085,81.81956572502361,3.796951331850577
13.75,5.035883588516987,65.38696182992203,3.5886439167074573
13.76041666,5.315088482239958,85.18491044863725,3.1307892698567574
13.77083333,5.010457301734848,67.50452461691143,3.2477789232926426
13.78125,5.345398161761094,83.57593118731,3.6096446406504734
13.79166666,5.085136836775044,84.07271987853649,3.5635243021063165
13.80208333,3.8705426723277934,71.86302258345495,3.4846170063532824
13.8125,4.401978011951522,81.8431217115112,3.5760957323489357
13.82291666,4.848610133396783,78.45310760979515,3.9109133443249773
13.83333333,4.282355322155476,72.07647889032887,3.4768407651367506
13.84375,5.373591675028805,69.13809225950617,3.5417326228607604
13.85416666,5.9901081818749935,62.01537605403412,4.1526137648709955
13.86458333,5.838738116487751,83.33258006316412,3.0629108052241225
13.875,4.997645996502897,66.43637548464477,2.9818908584325037
13.88541666,5.943067544571377,80.21098550925285,3.7892841944185185
13.89583333,5.234265176283715,77.20686257839115,3.2518456952562027
13.90625,5.026925683385417,87.19998260649899,3.2209876431882223
13.91666666,4.948499350594616,79.9343456551117,3.010455013040427
13.92708333,5.165001335938235,80.3347195495005,3.1150739265350853
13.9375,5.11763250707125,90.14672124968511,3.659328914299922
13.94791666,5.482964948513181,86.53173185719587,3.3820717047977285
13.95833333,5.52757337669693,87.67930380128175,3.3160556087816024
13.96875,5.521570675838118,90.51444214135643,2.5998078010814183
13.97916666,5.790051200173364,73.51716666223675,2.677531457063365
13.98958333,6.2193001753887405,93.69822552621183,2.202693938360273
14.0,6.37991838939473,97.00474941612511,2.7861670115623762
